[
 {"name": "CLK", "value": "35", "type": "input"},
 {"name": "LED_B", "value": "40", "type": "output"}, 
 {"name": "LED_R", "value": "41", "type": "output"}, 
 {"name": "LCD_BL", "value": "39", "type": "output"},   
 {"name": "SPKR", "value": "10", "type": "output"},   
 {"name": "BTN_M", "value": "20", "type": "input"}, 
 {"name": "BTN_A", "value": "19", "type": "input"}, 
 {"name": "BTN_B", "value": "18", "type": "input"}, 
 {"name": "BTN_U", "value": "38", "type": "input"}, 
 {"name": "BTN_D", "value": "34", "type": "input"}, 
 {"name": "BTN_L", "value": "32", "type": "input"}, 
 {"name": "BTN_R", "value": "36", "type": "input"}, 
 {"name": "RX", "value": "6", "type": "input"}, 
 {"name": "TX", "value": "9", "type": "output"},
 {"name": "LCD_RST", "value": "39", "type": "output"},   
 {"name": "LCD_MOSI", "value": "39", "type": "output"},   
 {"name": "LCD_SCK", "value": "39", "type": "output"},   
 {"name": "LCD_DC", "value": "39", "type": "output"},   
 {"name": "LCD_CS", "value": "39", "type": "output"},   
 {"name": "3D_SCL", "value": "39", "type": "output"},   
 {"name": "3D_SDA", "value": "39", "type": "inout"},   
 {"name": "3D_INT", "value": "39", "type": "input"},   
 {"name": "P1", "value": "42", "type": "inout"}, 
 {"name": "P2", "value": "43", "type": "inout"}, 
 {"name": "P3", "value": "44", "type": "inout"}, 
 {"name": "P4", "value": "45", "type": "inout"}, 
 {"name": "P5", "value": "46", "type": "inout"}, 
 {"name": "P6", "value": "47", "type": "inout"}, 
 {"name": "P7", "value": "48", "type": "inout"}, 
 {"name": "P8", "value": "2", "type": "inout"}, 
 {"name": "P9", "value": "3", "type": "inout"}, 
 {"name": "F_SCK", "value": "15", "type": "inout"}, 
 {"name": "F_SSB", "value": "16", "type": "inout"}, 
 {"name": "F_MISO", "value": "14", "type": "inout"}, 
 {"name": "F_MOSI", "value": "17", "type": "inout"}, 
 {"name": "F_IO2", "value": "12", "type": "inout"}, 
 {"name": "F_IO3", "value": "13", "type": "inout"},
 {"name": "NULL", "value": "NULL", "type": "inout"}
]
